datetime,province,humidity,latitude,longitude,pressure,temperature,weather_condition,wind_direction,wind_speed
2025-04-27 00:00:00,"Haiphong, Vietnam",93.0,20.865139,106.68383,1010.0,297.15,cloudy,118.0,3.06
2025-04-27 01:00:00,"Haiphong, Vietnam",92.0,20.865139,106.68383,1010.0,297.15,cloudy,126.0,2.78
2025-04-27 02:00:00,"Haiphong, Vietnam",95.0,20.865139,106.68383,1010.0,297.15,cloudy,121.0,2.78
2025-04-27 03:00:00,"Haiphong, Vietnam",97.0,20.865139,106.68383,1010.0,297.15,cloudy,124.0,2.78
2025-04-27 04:00:00,"Haiphong, Vietnam",97.0,20.865139,106.68383,1010.0,297.15,cloudy,116.0,2.5
2025-04-27 05:00:00,"Haiphong, Vietnam",98.0,20.865139,106.68383,1010.0,297.15,cloudy,111.0,1.94
2025-04-27 06:00:00,"Haiphong, Vietnam",97.0,20.865139,106.68383,1011.0,298.15,cloudy,115.0,1.94
2025-04-27 07:00:00,"Haiphong, Vietnam",90.0,20.865139,106.68383,1012.0,299.15,cloudy,145.0,3.06
2025-04-27 08:00:00,"Haiphong, Vietnam",81.0,20.865139,106.68383,1012.0,300.15,rainy,160.0,4.17
2025-04-27 09:00:00,"Haiphong, Vietnam",75.0,20.865139,106.68383,1012.0,301.15,rainy,161.0,5.0
2025-04-27 10:00:00,"Haiphong, Vietnam",69.0,20.865139,106.68383,1012.0,302.15,rainy,163.0,5.56
2025-04-27 11:00:00,"Haiphong, Vietnam",67.0,20.865139,106.68383,1012.0,302.15,rainy,162.0,5.56
2025-04-27 12:00:00,"Haiphong, Vietnam",64.0,20.865139,106.68383,1011.0,303.15,rainy,163.0,5.83
2025-04-27 13:00:00,"Haiphong, Vietnam",63.0,20.865139,106.68383,1010.0,303.15,rainy,162.0,5.83
2025-04-27 14:00:00,"Haiphong, Vietnam",65.0,20.865139,106.68383,1009.0,303.15,rainy,152.0,6.11
2025-04-27 15:00:00,"Haiphong, Vietnam",67.0,20.865139,106.68383,1008.0,302.15,rainy,149.0,5.56
2025-04-27 16:00:00,"Haiphong, Vietnam",71.0,20.865139,106.68383,1009.0,301.15,rainy,149.0,4.72
2025-04-27 17:00:00,"Haiphong, Vietnam",76.0,20.865139,106.68383,1008.0,300.15,cloudy,134.0,4.17
2025-04-27 18:00:00,"Haiphong, Vietnam",84.0,20.865139,106.68383,1010.0,299.15,cloudy,125.0,3.06
2025-04-27 19:00:00,"Haiphong, Vietnam",89.0,20.865139,106.68383,1010.0,299.15,cloudy,124.0,2.78
2025-04-27 20:00:00,"Haiphong, Vietnam",90.0,20.865139,106.68383,1010.0,298.15,cloudy,107.0,3.61
2025-04-27 21:00:00,"Haiphong, Vietnam",90.0,20.865139,106.68383,1011.0,298.15,cloudy,119.0,3.33
2025-04-27 22:00:00,"Haiphong, Vietnam",90.0,20.865139,106.68383,1011.0,298.15,cloudy,109.0,3.33
2025-04-27 23:00:00,"Haiphong, Vietnam",91.0,20.865139,106.68383,1012.0,298.15,rainy,103.0,1.67
2025-04-27 00:00:00,"Sóc Trăng, Soc Trang, Vietnam",74.0,9.602521,105.973907,1011.0,300.15,cloudy,139.0,3.06
2025-04-27 01:00:00,"Sóc Trăng, Soc Trang, Vietnam",74.0,9.602521,105.973907,1010.0,300.15,cloudy,139.0,2.78
2025-04-27 02:00:00,"Sóc Trăng, Soc Trang, Vietnam",75.0,9.602521,105.973907,1010.0,300.15,cloudy,128.0,2.22
2025-04-27 03:00:00,"Sóc Trăng, Soc Trang, Vietnam",76.0,9.602521,105.973907,1009.0,299.15,cloudy,115.0,2.5
2025-04-27 04:00:00,"Sóc Trăng, Soc Trang, Vietnam",77.0,9.602521,105.973907,1010.0,299.15,cloudy,108.0,2.22
2025-04-27 05:00:00,"Sóc Trăng, Soc Trang, Vietnam",77.0,9.602521,105.973907,1010.0,299.15,cloudy,107.0,2.22
2025-04-27 06:00:00,"Sóc Trăng, Soc Trang, Vietnam",77.0,9.602521,105.973907,1011.0,300.15,cloudy,102.0,2.5
2025-04-27 07:00:00,"Sóc Trăng, Soc Trang, Vietnam",70.0,9.602521,105.973907,1012.0,302.15,cloudy,97.0,3.06
2025-04-27 08:00:00,"Sóc Trăng, Soc Trang, Vietnam",62.0,9.602521,105.973907,1012.0,303.15,cloudy,100.0,3.33
2025-04-27 09:00:00,"Sóc Trăng, Soc Trang, Vietnam",55.0,9.602521,105.973907,1012.0,304.15,sunny,96.0,3.06
2025-04-27 10:00:00,"Sóc Trăng, Soc Trang, Vietnam",49.0,9.602521,105.973907,1012.0,305.15,sunny,103.0,3.33
2025-04-27 11:00:00,"Sóc Trăng, Soc Trang, Vietnam",44.0,9.602521,105.973907,1011.0,306.15,sunny,111.0,3.89
2025-04-27 12:00:00,"Sóc Trăng, Soc Trang, Vietnam",42.0,9.602521,105.973907,1010.0,307.15,sunny,116.0,4.44
2025-04-27 13:00:00,"Sóc Trăng, Soc Trang, Vietnam",40.0,9.602521,105.973907,1009.0,307.15,sunny,119.0,5.0
2025-04-27 14:00:00,"Sóc Trăng, Soc Trang, Vietnam",41.0,9.602521,105.973907,1008.0,307.15,sunny,121.0,5.83
2025-04-27 15:00:00,"Sóc Trăng, Soc Trang, Vietnam",45.0,9.602521,105.973907,1008.0,306.15,sunny,121.0,6.11
2025-04-27 16:00:00,"Sóc Trăng, Soc Trang, Vietnam",50.0,9.602521,105.973907,1007.0,305.15,sunny,122.0,5.83
2025-04-27 17:00:00,"Sóc Trăng, Soc Trang, Vietnam",53.0,9.602521,105.973907,1008.0,304.15,sunny,120.0,5.56
2025-04-27 18:00:00,"Sóc Trăng, Soc Trang, Vietnam",59.0,9.602521,105.973907,1008.0,303.15,sunny,121.0,4.72
2025-04-27 19:00:00,"Sóc Trăng, Soc Trang, Vietnam",64.0,9.602521,105.973907,1009.0,302.15,sunny,131.0,3.89
2025-04-27 20:00:00,"Sóc Trăng, Soc Trang, Vietnam",68.0,9.602521,105.973907,1009.0,302.15,sunny,140.0,3.33
2025-04-27 21:00:00,"Sóc Trăng, Soc Trang, Vietnam",70.0,9.602521,105.973907,1010.0,302.15,sunny,140.0,2.5
2025-04-27 22:00:00,"Sóc Trăng, Soc Trang, Vietnam",71.0,9.602521,105.973907,1010.0,301.15,sunny,134.0,1.94
2025-04-27 23:00:00,"Sóc Trăng, Soc Trang, Vietnam",73.0,9.602521,105.973907,1010.0,301.15,rainy,127.0,1.67
2025-04-27 00:00:00,"Huế, Thua Thien Hue, Vietnam",92.0,16.463713,107.590866,1010.0,297.15,sunny,140.0,1.67
2025-04-27 01:00:00,"Huế, Thua Thien Hue, Vietnam",93.0,16.463713,107.590866,1010.0,296.15,sunny,143.0,1.67
2025-04-27 02:00:00,"Huế, Thua Thien Hue, Vietnam",93.0,16.463713,107.590866,1009.0,296.15,sunny,158.0,1.67
2025-04-27 03:00:00,"Huế, Thua Thien Hue, Vietnam",93.0,16.463713,107.590866,1009.0,296.15,sunny,156.0,1.67
2025-04-27 04:00:00,"Huế, Thua Thien Hue, Vietnam",92.0,16.463713,107.590866,1009.0,296.15,sunny,178.0,1.39
2025-04-27 05:00:00,"Huế, Thua Thien Hue, Vietnam",92.0,16.463713,107.590866,1010.0,296.15,sunny,193.0,1.11
2025-04-27 06:00:00,"Huế, Thua Thien Hue, Vietnam",90.0,16.463713,107.590866,1011.0,297.15,sunny,200.0,1.11
2025-04-27 07:00:00,"Huế, Thua Thien Hue, Vietnam",83.0,16.463713,107.590866,1011.0,299.15,sunny,223.0,0.83
2025-04-27 08:00:00,"Huế, Thua Thien Hue, Vietnam",74.0,16.463713,107.590866,1012.0,301.15,sunny,166.0,0.56
2025-04-27 09:00:00,"Huế, Thua Thien Hue, Vietnam",66.0,16.463713,107.590866,1012.0,302.15,sunny,41.0,0.83
2025-04-27 10:00:00,"Huế, Thua Thien Hue, Vietnam",62.0,16.463713,107.590866,1011.0,303.15,sunny,30.0,1.94
2025-04-27 11:00:00,"Huế, Thua Thien Hue, Vietnam",62.0,16.463713,107.590866,1011.0,303.15,sunny,28.0,2.78
2025-04-27 12:00:00,"Huế, Thua Thien Hue, Vietnam",63.0,16.463713,107.590866,1010.0,304.15,sunny,36.0,3.06
2025-04-27 13:00:00,"Huế, Thua Thien Hue, Vietnam",64.0,16.463713,107.590866,1009.0,304.15,sunny,50.0,3.33
2025-04-27 14:00:00,"Huế, Thua Thien Hue, Vietnam",65.0,16.463713,107.590866,1008.0,303.15,sunny,66.0,3.33
2025-04-27 15:00:00,"Huế, Thua Thien Hue, Vietnam",67.0,16.463713,107.590866,1008.0,303.15,sunny,77.0,3.61
2025-04-27 16:00:00,"Huế, Thua Thien Hue, Vietnam",69.0,16.463713,107.590866,1007.0,302.15,sunny,85.0,3.61
2025-04-27 17:00:00,"Huế, Thua Thien Hue, Vietnam",74.0,16.463713,107.590866,1007.0,301.15,sunny,103.0,3.06
2025-04-27 18:00:00,"Huế, Thua Thien Hue, Vietnam",81.0,16.463713,107.590866,1008.0,300.15,rainy,101.0,2.22
2025-04-27 19:00:00,"Huế, Thua Thien Hue, Vietnam",82.0,16.463713,107.590866,1009.0,299.15,rainy,108.0,2.22
2025-04-27 20:00:00,"Huế, Thua Thien Hue, Vietnam",83.0,16.463713,107.590866,1010.0,299.15,sunny,121.0,2.5
2025-04-27 21:00:00,"Huế, Thua Thien Hue, Vietnam",84.0,16.463713,107.590866,1010.0,298.15,rainy,139.0,2.5
2025-04-27 22:00:00,"Huế, Thua Thien Hue, Vietnam",85.0,16.463713,107.590866,1011.0,298.15,sunny,147.0,2.22
2025-04-27 23:00:00,"Huế, Thua Thien Hue, Vietnam",86.0,16.463713,107.590866,1011.0,297.15,sunny,153.0,1.67
2025-04-27 00:00:00,"Thuận An, Binh Duong, Vietnam",96.0,10.924067,106.713028,1011.0,297.15,cloudy,174.0,1.39
2025-04-27 01:00:00,"Thuận An, Binh Duong, Vietnam",96.0,10.924067,106.713028,1011.0,297.15,rainy,185.0,1.67
2025-04-27 02:00:00,"Thuận An, Binh Duong, Vietnam",96.0,10.924067,106.713028,1010.0,297.15,rainy,188.0,2.22
2025-04-27 03:00:00,"Thuận An, Binh Duong, Vietnam",95.0,10.924067,106.713028,1010.0,297.15,cloudy,188.0,2.22
2025-04-27 04:00:00,"Thuận An, Binh Duong, Vietnam",95.0,10.924067,106.713028,1010.0,297.15,sunny,191.0,2.22
2025-04-27 05:00:00,"Thuận An, Binh Duong, Vietnam",94.0,10.924067,106.713028,1011.0,297.15,rainy,203.0,2.22
2025-04-27 06:00:00,"Thuận An, Binh Duong, Vietnam",92.0,10.924067,106.713028,1011.0,298.15,rainy,204.0,2.22
2025-04-27 07:00:00,"Thuận An, Binh Duong, Vietnam",86.0,10.924067,106.713028,1012.0,299.15,sunny,179.0,2.22
2025-04-27 08:00:00,"Thuận An, Binh Duong, Vietnam",81.0,10.924067,106.713028,1012.0,299.15,sunny,151.0,2.5
2025-04-27 09:00:00,"Thuận An, Binh Duong, Vietnam",77.0,10.924067,106.713028,1012.0,300.15,sunny,136.0,3.06
2025-04-27 10:00:00,"Thuận An, Binh Duong, Vietnam",73.0,10.924067,106.713028,1012.0,301.15,sunny,125.0,3.33
2025-04-27 11:00:00,"Thuận An, Binh Duong, Vietnam",71.0,10.924067,106.713028,1011.0,302.15,cloudy,113.0,4.17
2025-04-27 12:00:00,"Thuận An, Binh Duong, Vietnam",70.0,10.924067,106.713028,1010.0,302.15,sunny,107.0,5.28
2025-04-27 13:00:00,"Thuận An, Binh Duong, Vietnam",72.0,10.924067,106.713028,1009.0,302.15,sunny,106.0,5.83
2025-04-27 14:00:00,"Thuận An, Binh Duong, Vietnam",72.0,10.924067,106.713028,1008.0,301.15,sunny,106.0,5.56
2025-04-27 15:00:00,"Thuận An, Binh Duong, Vietnam",73.0,10.924067,106.713028,1008.0,301.15,sunny,105.0,5.0
2025-04-27 16:00:00,"Thuận An, Binh Duong, Vietnam",74.0,10.924067,106.713028,1008.0,300.15,sunny,109.0,4.44
2025-04-27 17:00:00,"Thuận An, Binh Duong, Vietnam",77.0,10.924067,106.713028,1008.0,299.15,rainy,113.0,3.89
2025-04-27 18:00:00,"Thuận An, Binh Duong, Vietnam",86.0,10.924067,106.713028,1010.0,298.15,rainy,110.0,2.22
2025-04-27 19:00:00,"Thuận An, Binh Duong, Vietnam",91.0,10.924067,106.713028,1010.0,298.15,sunny,121.0,1.39
2025-04-27 20:00:00,"Thuận An, Binh Duong, Vietnam",92.0,10.924067,106.713028,1011.0,297.15,sunny,125.0,0.83
2025-04-27 21:00:00,"Thuận An, Binh Duong, Vietnam",92.0,10.924067,106.713028,1012.0,297.15,cloudy,198.0,0.28
2025-04-27 22:00:00,"Thuận An, Binh Duong, Vietnam",93.0,10.924067,106.713028,1012.0,297.15,cloudy,246.0,0.56
2025-04-27 23:00:00,"Thuận An, Binh Duong, Vietnam",93.0,10.924067,106.713028,1011.0,297.15,rainy,242.0,0.56
2025-04-27 00:00:00,"Vinh, Nghe An, Vietnam",93.0,18.679585,105.681335,1011.0,297.15,sunny,163.0,2.22
2025-04-27 01:00:00,"Vinh, Nghe An, Vietnam",94.0,18.679585,105.681335,1011.0,297.15,sunny,167.0,1.94
2025-04-27 02:00:00,"Vinh, Nghe An, Vietnam",94.0,18.679585,105.681335,1010.0,297.15,sunny,180.0,1.67
2025-04-27 03:00:00,"Vinh, Nghe An, Vietnam",94.0,18.679585,105.681335,1010.0,297.15,sunny,183.0,1.67
2025-04-27 04:00:00,"Vinh, Nghe An, Vietnam",94.0,18.679585,105.681335,1010.0,296.15,sunny,172.0,1.67
2025-04-27 05:00:00,"Vinh, Nghe An, Vietnam",93.0,18.679585,105.681335,1011.0,297.15,sunny,170.0,1.94
2025-04-27 06:00:00,"Vinh, Nghe An, Vietnam",91.0,18.679585,105.681335,1011.0,297.15,sunny,172.0,1.67
2025-04-27 07:00:00,"Vinh, Nghe An, Vietnam",84.0,18.679585,105.681335,1012.0,299.15,sunny,160.0,1.67
2025-04-27 08:00:00,"Vinh, Nghe An, Vietnam",75.0,18.679585,105.681335,1012.0,300.15,sunny,150.0,1.94
2025-04-27 09:00:00,"Vinh, Nghe An, Vietnam",67.0,18.679585,105.681335,1012.0,302.15,sunny,131.0,2.5
2025-04-27 10:00:00,"Vinh, Nghe An, Vietnam",61.0,18.679585,105.681335,1012.0,303.15,sunny,113.0,3.33
2025-04-27 11:00:00,"Vinh, Nghe An, Vietnam",57.0,18.679585,105.681335,1011.0,304.15,sunny,103.0,3.89
2025-04-27 12:00:00,"Vinh, Nghe An, Vietnam",56.0,18.679585,105.681335,1010.0,304.15,sunny,97.0,4.72
2025-04-27 13:00:00,"Vinh, Nghe An, Vietnam",56.0,18.679585,105.681335,1009.0,304.15,sunny,97.0,5.56
2025-04-27 14:00:00,"Vinh, Nghe An, Vietnam",57.0,18.679585,105.681335,1008.0,304.15,sunny,100.0,5.83
2025-04-27 15:00:00,"Vinh, Nghe An, Vietnam",58.0,18.679585,105.681335,1007.0,303.15,sunny,108.0,6.39
2025-04-27 16:00:00,"Vinh, Nghe An, Vietnam",61.0,18.679585,105.681335,1007.0,302.15,sunny,115.0,6.39
2025-04-27 17:00:00,"Vinh, Nghe An, Vietnam",68.0,18.679585,105.681335,1007.0,301.15,sunny,120.0,6.11
2025-04-27 18:00:00,"Vinh, Nghe An, Vietnam",76.0,18.679585,105.681335,1009.0,300.15,sunny,128.0,4.72
2025-04-27 19:00:00,"Vinh, Nghe An, Vietnam",82.0,18.679585,105.681335,1009.0,299.15,sunny,132.0,4.72
2025-04-27 20:00:00,"Vinh, Nghe An, Vietnam",86.0,18.679585,105.681335,1010.0,298.15,sunny,137.0,3.89
2025-04-27 21:00:00,"Vinh, Nghe An, Vietnam",89.0,18.679585,105.681335,1011.0,298.15,sunny,143.0,3.61
2025-04-27 22:00:00,"Vinh, Nghe An, Vietnam",90.0,18.679585,105.681335,1011.0,297.15,sunny,150.0,2.5
2025-04-27 23:00:00,"Vinh, Nghe An, Vietnam",91.0,18.679585,105.681335,1011.0,297.15,sunny,158.0,2.22
2025-04-27 00:00:00,"Ha Long, Quảng Ninh Province, Vietnam",92.0,20.959902,107.042542,1012.0,297.15,sunny,260.0,1.67
2025-04-27 01:00:00,"Ha Long, Quảng Ninh Province, Vietnam",92.0,20.959902,107.042542,1012.0,297.15,sunny,271.0,2.22
2025-04-27 02:00:00,"Ha Long, Quảng Ninh Province, Vietnam",92.0,20.959902,107.042542,1011.0,297.15,sunny,274.0,1.67
2025-04-27 03:00:00,"Ha Long, Quảng Ninh Province, Vietnam",92.0,20.959902,107.042542,1011.0,296.15,sunny,285.0,1.94
2025-04-27 04:00:00,"Ha Long, Quảng Ninh Province, Vietnam",92.0,20.959902,107.042542,1011.0,296.15,sunny,292.0,2.22
2025-04-27 05:00:00,"Ha Long, Quảng Ninh Province, Vietnam",91.0,20.959902,107.042542,1012.0,296.15,sunny,292.0,1.39
2025-04-27 06:00:00,"Ha Long, Quảng Ninh Province, Vietnam",90.0,20.959902,107.042542,1012.0,297.15,sunny,295.0,1.94
2025-04-27 07:00:00,"Ha Long, Quảng Ninh Province, Vietnam",84.0,20.959902,107.042542,1013.0,298.15,sunny,300.0,1.67
2025-04-27 08:00:00,"Ha Long, Quảng Ninh Province, Vietnam",77.0,20.959902,107.042542,1013.0,300.15,sunny,317.0,1.11
2025-04-27 09:00:00,"Ha Long, Quảng Ninh Province, Vietnam",70.0,20.959902,107.042542,1013.0,300.15,sunny,42.0,0.83
2025-04-27 10:00:00,"Ha Long, Quảng Ninh Province, Vietnam",66.0,20.959902,107.042542,1013.0,301.15,sunny,84.0,2.22
2025-04-27 11:00:00,"Ha Long, Quảng Ninh Province, Vietnam",65.0,20.959902,107.042542,1012.0,302.15,sunny,90.0,2.78
2025-04-27 12:00:00,"Ha Long, Quảng Ninh Province, Vietnam",64.0,20.959902,107.042542,1011.0,302.15,sunny,89.0,3.33
2025-04-27 13:00:00,"Ha Long, Quảng Ninh Province, Vietnam",63.0,20.959902,107.042542,1010.0,302.15,sunny,83.0,3.33
2025-04-27 14:00:00,"Ha Long, Quảng Ninh Province, Vietnam",65.0,20.959902,107.042542,1010.0,301.15,sunny,84.0,3.61
2025-04-27 15:00:00,"Ha Long, Quảng Ninh Province, Vietnam",68.0,20.959902,107.042542,1009.0,300.15,sunny,87.0,3.33
2025-04-27 16:00:00,"Ha Long, Quảng Ninh Province, Vietnam",73.0,20.959902,107.042542,1009.0,300.15,sunny,92.0,2.78
2025-04-27 17:00:00,"Ha Long, Quảng Ninh Province, Vietnam",79.0,20.959902,107.042542,1009.0,299.15,sunny,103.0,2.22
2025-04-27 18:00:00,"Ha Long, Quảng Ninh Province, Vietnam",87.0,20.959902,107.042542,1010.0,299.15,sunny,119.0,1.11
2025-04-27 19:00:00,"Ha Long, Quảng Ninh Province, Vietnam",89.0,20.959902,107.042542,1011.0,298.15,sunny,188.0,0.28
2025-04-27 20:00:00,"Ha Long, Quảng Ninh Province, Vietnam",90.0,20.959902,107.042542,1011.0,298.15,sunny,234.0,0.28
2025-04-27 21:00:00,"Ha Long, Quảng Ninh Province, Vietnam",91.0,20.959902,107.042542,1011.0,298.15,sunny,252.0,0.83
2025-04-27 22:00:00,"Ha Long, Quảng Ninh Province, Vietnam",91.0,20.959902,107.042542,1011.0,297.15,sunny,292.0,1.39
2025-04-27 23:00:00,"Ha Long, Quảng Ninh Province, Vietnam",91.0,20.959902,107.042542,1011.0,297.15,sunny,290.0,1.39
2025-04-27 00:00:00,"Da Nang, Vietnam",96.0,16.047079,108.20623,1010.0,297.15,cloudy,224.0,1.11
2025-04-27 01:00:00,"Da Nang, Vietnam",97.0,16.047079,108.20623,1010.0,297.15,cloudy,198.0,1.11
2025-04-27 02:00:00,"Da Nang, Vietnam",97.0,16.047079,108.20623,1009.0,297.15,cloudy,169.0,1.39
2025-04-27 03:00:00,"Da Nang, Vietnam",96.0,16.047079,108.20623,1009.0,297.15,cloudy,152.0,1.11
2025-04-27 04:00:00,"Da Nang, Vietnam",96.0,16.047079,108.20623,1009.0,297.15,cloudy,192.0,0.83
2025-04-27 05:00:00,"Da Nang, Vietnam",96.0,16.047079,108.20623,1010.0,297.15,cloudy,192.0,0.28
2025-04-27 06:00:00,"Da Nang, Vietnam",95.0,16.047079,108.20623,1010.0,297.15,cloudy,115.0,0.56
2025-04-27 07:00:00,"Da Nang, Vietnam",91.0,16.047079,108.20623,1011.0,298.15,cloudy,123.0,0.83
2025-04-27 08:00:00,"Da Nang, Vietnam",85.0,16.047079,108.20623,1011.0,300.15,sunny,134.0,0.83
2025-04-27 09:00:00,"Da Nang, Vietnam",77.0,16.047079,108.20623,1011.0,301.15,sunny,113.0,0.56
2025-04-27 10:00:00,"Da Nang, Vietnam",69.0,16.047079,108.20623,1011.0,303.15,sunny,45.0,1.11
2025-04-27 11:00:00,"Da Nang, Vietnam",67.0,16.047079,108.20623,1010.0,303.15,sunny,42.0,2.22
2025-04-27 12:00:00,"Da Nang, Vietnam",66.0,16.047079,108.20623,1009.0,304.15,sunny,50.0,3.06
2025-04-27 13:00:00,"Da Nang, Vietnam",68.0,16.047079,108.20623,1008.0,303.15,sunny,58.0,3.89
2025-04-27 14:00:00,"Da Nang, Vietnam",72.0,16.047079,108.20623,1007.0,303.15,sunny,67.0,4.17
2025-04-27 15:00:00,"Da Nang, Vietnam",74.0,16.047079,108.20623,1007.0,302.15,rainy,72.0,3.61
2025-04-27 16:00:00,"Da Nang, Vietnam",77.0,16.047079,108.20623,1006.0,302.15,rainy,82.0,3.61
2025-04-27 17:00:00,"Da Nang, Vietnam",80.0,16.047079,108.20623,1006.0,300.15,rainy,96.0,3.61
2025-04-27 18:00:00,"Da Nang, Vietnam",88.0,16.047079,108.20623,1008.0,299.15,rainy,81.0,2.22
2025-04-27 19:00:00,"Da Nang, Vietnam",93.0,16.047079,108.20623,1009.0,298.15,rainy,72.0,1.67
2025-04-27 20:00:00,"Da Nang, Vietnam",95.0,16.047079,108.20623,1010.0,298.15,rainy,142.0,0.56
2025-04-27 21:00:00,"Da Nang, Vietnam",96.0,16.047079,108.20623,1011.0,298.15,rainy,312.0,2.22
2025-04-27 22:00:00,"Da Nang, Vietnam",96.0,16.047079,108.20623,1012.0,297.15,foggy,304.0,1.94
2025-04-27 23:00:00,"Da Nang, Vietnam",96.0,16.047079,108.20623,1011.0,297.15,foggy,205.0,0.28
2025-04-27 00:00:00,"Hanoi, Vietnam (1)",94.0,21.028511,105.804817,1010.0,297.15,cloudy,141.0,3.33
2025-04-27 01:00:00,"Hanoi, Vietnam (1)",94.0,21.028511,105.804817,1010.0,297.15,cloudy,136.0,3.61
2025-04-27 02:00:00,"Hanoi, Vietnam (1)",94.0,21.028511,105.804817,1009.0,297.15,cloudy,132.0,3.89
2025-04-27 03:00:00,"Hanoi, Vietnam (1)",94.0,21.028511,105.804817,1009.0,298.15,cloudy,136.0,3.61
2025-04-27 04:00:00,"Hanoi, Vietnam (1)",94.0,21.028511,105.804817,1009.0,297.15,cloudy,139.0,3.61
2025-04-27 05:00:00,"Hanoi, Vietnam (1)",95.0,21.028511,105.804817,1010.0,297.15,cloudy,139.0,3.61
2025-04-27 06:00:00,"Hanoi, Vietnam (1)",95.0,21.028511,105.804817,1011.0,298.15,cloudy,134.0,3.06
2025-04-27 07:00:00,"Hanoi, Vietnam (1)",87.0,21.028511,105.804817,1011.0,299.15,rainy,141.0,4.17
2025-04-27 08:00:00,"Hanoi, Vietnam (1)",77.0,21.028511,105.804817,1012.0,301.15,rainy,155.0,5.0
2025-04-27 09:00:00,"Hanoi, Vietnam (1)",72.0,21.028511,105.804817,1012.0,302.15,rainy,162.0,5.0
2025-04-27 10:00:00,"Hanoi, Vietnam (1)",68.0,21.028511,105.804817,1011.0,303.15,rainy,163.0,4.72
2025-04-27 11:00:00,"Hanoi, Vietnam (1)",62.0,21.028511,105.804817,1011.0,303.15,rainy,163.0,4.44
2025-04-27 12:00:00,"Hanoi, Vietnam (1)",60.0,21.028511,105.804817,1010.0,304.15,rainy,155.0,4.72
2025-04-27 13:00:00,"Hanoi, Vietnam (1)",58.0,21.028511,105.804817,1009.0,305.15,rainy,152.0,4.72
2025-04-27 14:00:00,"Hanoi, Vietnam (1)",55.0,21.028511,105.804817,1008.0,305.15,cloudy,147.0,4.72
2025-04-27 15:00:00,"Hanoi, Vietnam (1)",56.0,21.028511,105.804817,1006.0,304.15,cloudy,135.0,5.28
2025-04-27 16:00:00,"Hanoi, Vietnam (1)",59.0,21.028511,105.804817,1006.0,303.15,cloudy,137.0,5.28
2025-04-27 17:00:00,"Hanoi, Vietnam (1)",70.0,21.028511,105.804817,1008.0,302.15,rainy,161.0,3.89
2025-04-27 18:00:00,"Hanoi, Vietnam (1)",76.0,21.028511,105.804817,1007.0,300.15,sunny,129.0,5.0
2025-04-27 19:00:00,"Hanoi, Vietnam (1)",83.0,21.028511,105.804817,1009.0,299.15,rainy,145.0,4.44
2025-04-27 20:00:00,"Hanoi, Vietnam (1)",86.0,21.028511,105.804817,1009.0,299.15,sunny,150.0,5.28
2025-04-27 21:00:00,"Hanoi, Vietnam (1)",89.0,21.028511,105.804817,1011.0,298.15,cloudy,148.0,3.89
2025-04-27 22:00:00,"Hanoi, Vietnam (1)",92.0,21.028511,105.804817,1011.0,298.15,cloudy,126.0,3.33
2025-04-27 23:00:00,"Hanoi, Vietnam (1)",94.0,21.028511,105.804817,1011.0,298.15,foggy,114.0,3.06
2025-04-27 00:00:00,"Cần Thơ, Ninh Kiều, Can Tho, Vietnam",96.0,10.045162,105.746857,1010.0,298.15,cloudy,204.0,1.11
2025-04-27 01:00:00,"Cần Thơ, Ninh Kiều, Can Tho, Vietnam",96.0,10.045162,105.746857,1009.0,297.15,cloudy,203.0,1.67
2025-04-27 02:00:00,"Cần Thơ, Ninh Kiều, Can Tho, Vietnam",96.0,10.045162,105.746857,1009.0,297.15,rainy,230.0,1.39
2025-04-27 03:00:00,"Cần Thơ, Ninh Kiều, Can Tho, Vietnam",96.0,10.045162,105.746857,1009.0,297.15,rainy,211.0,0.83
2025-04-27 04:00:00,"Cần Thơ, Ninh Kiều, Can Tho, Vietnam",96.0,10.045162,105.746857,1009.0,297.15,cloudy,211.0,0.83
2025-04-27 05:00:00,"Cần Thơ, Ninh Kiều, Can Tho, Vietnam",95.0,10.045162,105.746857,1010.0,297.15,cloudy,178.0,0.83
2025-04-27 06:00:00,"Cần Thơ, Ninh Kiều, Can Tho, Vietnam",94.0,10.045162,105.746857,1010.0,298.15,cloudy,137.0,1.11
2025-04-27 07:00:00,"Cần Thơ, Ninh Kiều, Can Tho, Vietnam",89.0,10.045162,105.746857,1011.0,299.15,cloudy,124.0,1.39
2025-04-27 08:00:00,"Cần Thơ, Ninh Kiều, Can Tho, Vietnam",84.0,10.045162,105.746857,1011.0,300.15,cloudy,81.0,0.56
2025-04-27 09:00:00,"Cần Thơ, Ninh Kiều, Can Tho, Vietnam",78.0,10.045162,105.746857,1012.0,301.15,cloudy,48.0,1.11
2025-04-27 10:00:00,"Cần Thơ, Ninh Kiều, Can Tho, Vietnam",74.0,10.045162,105.746857,1011.0,302.15,cloudy,49.0,1.39
2025-04-27 11:00:00,"Cần Thơ, Ninh Kiều, Can Tho, Vietnam",70.0,10.045162,105.746857,1010.0,303.15,sunny,54.0,2.22
2025-04-27 12:00:00,"Cần Thơ, Ninh Kiều, Can Tho, Vietnam",69.0,10.045162,105.746857,1009.0,303.15,sunny,67.0,3.33
2025-04-27 13:00:00,"Cần Thơ, Ninh Kiều, Can Tho, Vietnam",70.0,10.045162,105.746857,1008.0,303.15,sunny,75.0,3.89
2025-04-27 14:00:00,"Cần Thơ, Ninh Kiều, Can Tho, Vietnam",72.0,10.045162,105.746857,1007.0,303.15,rainy,76.0,4.17
2025-04-27 15:00:00,"Cần Thơ, Ninh Kiều, Can Tho, Vietnam",76.0,10.045162,105.746857,1007.0,302.15,rainy,81.0,4.44
2025-04-27 16:00:00,"Cần Thơ, Ninh Kiều, Can Tho, Vietnam",82.0,10.045162,105.746857,1006.0,300.15,rainy,88.0,4.17
2025-04-27 17:00:00,"Cần Thơ, Ninh Kiều, Can Tho, Vietnam",87.0,10.045162,105.746857,1006.0,300.15,rainy,97.0,3.89
2025-04-27 18:00:00,"Cần Thơ, Ninh Kiều, Can Tho, Vietnam",91.0,10.045162,105.746857,1008.0,299.15,rainy,82.0,2.22
2025-04-27 19:00:00,"Cần Thơ, Ninh Kiều, Can Tho, Vietnam",94.0,10.045162,105.746857,1010.0,298.15,rainy,48.0,2.5
2025-04-27 20:00:00,"Cần Thơ, Ninh Kiều, Can Tho, Vietnam",95.0,10.045162,105.746857,1011.0,298.15,rainy,350.0,2.22
2025-04-27 21:00:00,"Cần Thơ, Ninh Kiều, Can Tho, Vietnam",95.0,10.045162,105.746857,1012.0,298.15,rainy,338.0,2.22
2025-04-27 22:00:00,"Cần Thơ, Ninh Kiều, Can Tho, Vietnam",94.0,10.045162,105.746857,1011.0,298.15,foggy,289.0,1.11
2025-04-27 23:00:00,"Cần Thơ, Ninh Kiều, Can Tho, Vietnam",94.0,10.045162,105.746857,1011.0,298.15,cloudy,123.0,0.83
2025-04-27 00:00:00,"tp. Huế, Thừa Thiên Huế, Vietnam",96.0,16.461109,107.570183,1011.0,297.15,cloudy,174.0,1.39
2025-04-27 01:00:00,"tp. Huế, Thừa Thiên Huế, Vietnam",96.0,16.461109,107.570183,1011.0,297.15,rainy,185.0,1.67
2025-04-27 02:00:00,"tp. Huế, Thừa Thiên Huế, Vietnam",96.0,16.461109,107.570183,1010.0,297.15,rainy,188.0,2.22
2025-04-27 03:00:00,"tp. Huế, Thừa Thiên Huế, Vietnam",95.0,16.461109,107.570183,1010.0,297.15,cloudy,188.0,2.22
2025-04-27 04:00:00,"tp. Huế, Thừa Thiên Huế, Vietnam",95.0,16.461109,107.570183,1010.0,297.15,sunny,191.0,2.22
2025-04-27 05:00:00,"tp. Huế, Thừa Thiên Huế, Vietnam",94.0,16.461109,107.570183,1011.0,297.15,rainy,203.0,2.22
2025-04-27 06:00:00,"tp. Huế, Thừa Thiên Huế, Vietnam",92.0,16.461109,107.570183,1011.0,298.15,rainy,204.0,2.22
2025-04-27 07:00:00,"tp. Huế, Thừa Thiên Huế, Vietnam",86.0,16.461109,107.570183,1012.0,299.15,sunny,179.0,2.22
2025-04-27 08:00:00,"tp. Huế, Thừa Thiên Huế, Vietnam",81.0,16.461109,107.570183,1012.0,299.15,sunny,151.0,2.5
2025-04-27 09:00:00,"tp. Huế, Thừa Thiên Huế, Vietnam",77.0,16.461109,107.570183,1012.0,300.15,sunny,136.0,3.06
2025-04-27 10:00:00,"tp. Huế, Thừa Thiên Huế, Vietnam",73.0,16.461109,107.570183,1012.0,301.15,sunny,125.0,3.33
2025-04-27 11:00:00,"tp. Huế, Thừa Thiên Huế, Vietnam",71.0,16.461109,107.570183,1011.0,302.15,cloudy,113.0,4.17
2025-04-27 12:00:00,"tp. Huế, Thừa Thiên Huế, Vietnam",70.0,16.461109,107.570183,1010.0,302.15,sunny,107.0,5.28
2025-04-27 13:00:00,"tp. Huế, Thừa Thiên Huế, Vietnam",72.0,16.461109,107.570183,1009.0,302.15,sunny,106.0,5.83
2025-04-27 14:00:00,"tp. Huế, Thừa Thiên Huế, Vietnam",72.0,16.461109,107.570183,1008.0,301.15,sunny,106.0,5.56
2025-04-27 15:00:00,"tp. Huế, Thừa Thiên Huế, Vietnam",73.0,16.461109,107.570183,1008.0,301.15,sunny,105.0,5.0
2025-04-27 16:00:00,"tp. Huế, Thừa Thiên Huế, Vietnam",74.0,16.461109,107.570183,1008.0,300.15,sunny,109.0,4.44
2025-04-27 17:00:00,"tp. Huế, Thừa Thiên Huế, Vietnam",77.0,16.461109,107.570183,1008.0,299.15,rainy,113.0,3.89
2025-04-27 18:00:00,"tp. Huế, Thừa Thiên Huế, Vietnam",86.0,16.461109,107.570183,1010.0,298.15,rainy,110.0,2.22
2025-04-27 19:00:00,"tp. Huế, Thừa Thiên Huế, Vietnam",91.0,16.461109,107.570183,1010.0,298.15,sunny,121.0,1.39
2025-04-27 20:00:00,"tp. Huế, Thừa Thiên Huế, Vietnam",92.0,16.461109,107.570183,1011.0,297.15,sunny,125.0,0.83
2025-04-27 21:00:00,"tp. Huế, Thừa Thiên Huế, Vietnam",92.0,16.461109,107.570183,1012.0,297.15,cloudy,198.0,0.28
2025-04-27 22:00:00,"tp. Huế, Thừa Thiên Huế, Vietnam",93.0,16.461109,107.570183,1012.0,297.15,cloudy,246.0,0.56
2025-04-27 23:00:00,"tp. Huế, Thừa Thiên Huế, Vietnam",93.0,16.461109,107.570183,1011.0,297.15,rainy,242.0,0.56
2025-04-27 00:00:00,"Biên Hòa, Dong Nai, Vietnam",96.0,10.964112,106.856461,1010.0,297.15,cloudy,224.0,1.11
2025-04-27 01:00:00,"Biên Hòa, Dong Nai, Vietnam",97.0,10.964112,106.856461,1010.0,297.15,cloudy,198.0,1.11
2025-04-27 02:00:00,"Biên Hòa, Dong Nai, Vietnam",97.0,10.964112,106.856461,1009.0,297.15,cloudy,169.0,1.39
2025-04-27 03:00:00,"Biên Hòa, Dong Nai, Vietnam",96.0,10.964112,106.856461,1009.0,297.15,cloudy,152.0,1.11
2025-04-27 04:00:00,"Biên Hòa, Dong Nai, Vietnam",96.0,10.964112,106.856461,1009.0,297.15,cloudy,192.0,0.83
2025-04-27 05:00:00,"Biên Hòa, Dong Nai, Vietnam",96.0,10.964112,106.856461,1010.0,297.15,cloudy,192.0,0.28
2025-04-27 06:00:00,"Biên Hòa, Dong Nai, Vietnam",95.0,10.964112,106.856461,1010.0,297.15,cloudy,115.0,0.56
2025-04-27 07:00:00,"Biên Hòa, Dong Nai, Vietnam",91.0,10.964112,106.856461,1011.0,298.15,cloudy,123.0,0.83
2025-04-27 08:00:00,"Biên Hòa, Dong Nai, Vietnam",85.0,10.964112,106.856461,1011.0,300.15,sunny,134.0,0.83
2025-04-27 09:00:00,"Biên Hòa, Dong Nai, Vietnam",77.0,10.964112,106.856461,1011.0,301.15,sunny,113.0,0.56
2025-04-27 10:00:00,"Biên Hòa, Dong Nai, Vietnam",69.0,10.964112,106.856461,1011.0,303.15,sunny,45.0,1.11
2025-04-27 11:00:00,"Biên Hòa, Dong Nai, Vietnam",67.0,10.964112,106.856461,1010.0,303.15,sunny,42.0,2.22
2025-04-27 12:00:00,"Biên Hòa, Dong Nai, Vietnam",66.0,10.964112,106.856461,1009.0,304.15,sunny,50.0,3.06
2025-04-27 13:00:00,"Biên Hòa, Dong Nai, Vietnam",68.0,10.964112,106.856461,1008.0,303.15,sunny,58.0,3.89
2025-04-27 14:00:00,"Biên Hòa, Dong Nai, Vietnam",72.0,10.964112,106.856461,1007.0,303.15,sunny,67.0,4.17
2025-04-27 15:00:00,"Biên Hòa, Dong Nai, Vietnam",74.0,10.964112,106.856461,1007.0,302.15,rainy,72.0,3.61
2025-04-27 16:00:00,"Biên Hòa, Dong Nai, Vietnam",77.0,10.964112,106.856461,1006.0,302.15,rainy,82.0,3.61
2025-04-27 17:00:00,"Biên Hòa, Dong Nai, Vietnam",80.0,10.964112,106.856461,1006.0,300.15,rainy,96.0,3.61
2025-04-27 18:00:00,"Biên Hòa, Dong Nai, Vietnam",88.0,10.964112,106.856461,1008.0,299.15,rainy,81.0,2.22
2025-04-27 19:00:00,"Biên Hòa, Dong Nai, Vietnam",93.0,10.964112,106.856461,1009.0,298.15,rainy,72.0,1.67
2025-04-27 20:00:00,"Biên Hòa, Dong Nai, Vietnam",95.0,10.964112,106.856461,1010.0,298.15,rainy,142.0,0.56
2025-04-27 21:00:00,"Biên Hòa, Dong Nai, Vietnam",96.0,10.964112,106.856461,1011.0,298.15,rainy,312.0,2.22
2025-04-27 22:00:00,"Biên Hòa, Dong Nai, Vietnam",96.0,10.964112,106.856461,1012.0,297.15,foggy,304.0,1.94
2025-04-27 23:00:00,"Biên Hòa, Dong Nai, Vietnam",96.0,10.964112,106.856461,1011.0,297.15,foggy,205.0,0.28
2025-04-27 00:00:00,"Cao Bang, Vietnam",97.0,22.679281,106.260452,1010.0,296.15,rainy,169.0,1.11
2025-04-27 01:00:00,"Cao Bang, Vietnam",96.0,22.679281,106.260452,1010.0,296.15,rainy,167.0,1.11
2025-04-27 02:00:00,"Cao Bang, Vietnam",97.0,22.679281,106.260452,1010.0,296.15,cloudy,159.0,1.39
2025-04-27 03:00:00,"Cao Bang, Vietnam",98.0,22.679281,106.260452,1010.0,295.15,rainy,166.0,1.11
2025-04-27 04:00:00,"Cao Bang, Vietnam",98.0,22.679281,106.260452,1010.0,295.15,rainy,150.0,1.11
2025-04-27 05:00:00,"Cao Bang, Vietnam",98.0,22.679281,106.260452,1011.0,295.15,rainy,154.0,1.11
2025-04-27 06:00:00,"Cao Bang, Vietnam",98.0,22.679281,106.260452,1012.0,295.15,rainy,150.0,1.11
2025-04-27 07:00:00,"Cao Bang, Vietnam",98.0,22.679281,106.260452,1012.0,296.15,cloudy,146.0,1.39
2025-04-27 08:00:00,"Cao Bang, Vietnam",97.0,22.679281,106.260452,1013.0,296.15,foggy,148.0,1.39
2025-04-27 09:00:00,"Cao Bang, Vietnam",96.0,22.679281,106.260452,1013.0,296.15,foggy,150.0,1.39
2025-04-27 10:00:00,"Cao Bang, Vietnam",92.0,22.679281,106.260452,1013.0,297.15,rainy,168.0,1.39
2025-04-27 11:00:00,"Cao Bang, Vietnam",85.0,22.679281,106.260452,1012.0,299.15,rainy,192.0,1.39
2025-04-27 12:00:00,"Cao Bang, Vietnam",73.0,22.679281,106.260452,1011.0,301.15,rainy,208.0,1.67
2025-04-27 13:00:00,"Cao Bang, Vietnam",66.0,22.679281,106.260452,1010.0,301.15,unknown,198.0,2.22
2025-04-27 14:00:00,"Cao Bang, Vietnam",68.0,22.679281,106.260452,1009.0,301.15,rainy,187.0,2.22
2025-04-27 15:00:00,"Cao Bang, Vietnam",68.0,22.679281,106.260452,1008.0,302.15,rainy,177.0,2.22
2025-04-27 16:00:00,"Cao Bang, Vietnam",66.0,22.679281,106.260452,1008.0,301.15,rainy,173.0,2.78
2025-04-27 17:00:00,"Cao Bang, Vietnam",73.0,22.679281,106.260452,1008.0,300.15,unknown,169.0,3.06
2025-04-27 18:00:00,"Cao Bang, Vietnam",83.0,22.679281,106.260452,1009.0,298.15,unknown,158.0,2.22
2025-04-27 19:00:00,"Cao Bang, Vietnam",89.0,22.679281,106.260452,1010.0,298.15,rainy,143.0,2.5
2025-04-27 20:00:00,"Cao Bang, Vietnam",91.0,22.679281,106.260452,1011.0,297.15,rainy,115.0,1.67
2025-04-27 21:00:00,"Cao Bang, Vietnam",95.0,22.679281,106.260452,1013.0,296.15,rainy,123.0,0.83
2025-04-27 22:00:00,"Cao Bang, Vietnam",94.0,22.679281,106.260452,1013.0,296.15,rainy,95.0,0.83
2025-04-27 23:00:00,"Cao Bang, Vietnam",95.0,22.679281,106.260452,1013.0,296.15,rainy,148.0,0.28
2025-04-27 00:00:00,"Cành Nàng, Ba Thuoc District, Thanh Hoa, Vietnam",95.0,20.351387,105.221214,1010.0,298.15,cloudy,156.0,1.67
2025-04-27 01:00:00,"Cành Nàng, Ba Thuoc District, Thanh Hoa, Vietnam",95.0,20.351387,105.221214,1010.0,297.15,cloudy,153.0,1.67
2025-04-27 02:00:00,"Cành Nàng, Ba Thuoc District, Thanh Hoa, Vietnam",96.0,20.351387,105.221214,1009.0,297.15,cloudy,152.0,1.39
2025-04-27 03:00:00,"Cành Nàng, Ba Thuoc District, Thanh Hoa, Vietnam",96.0,20.351387,105.221214,1009.0,297.15,cloudy,158.0,1.11
2025-04-27 04:00:00,"Cành Nàng, Ba Thuoc District, Thanh Hoa, Vietnam",96.0,20.351387,105.221214,1010.0,297.15,cloudy,158.0,1.11
2025-04-27 05:00:00,"Cành Nàng, Ba Thuoc District, Thanh Hoa, Vietnam",96.0,20.351387,105.221214,1010.0,297.15,cloudy,152.0,1.11
2025-04-27 06:00:00,"Cành Nàng, Ba Thuoc District, Thanh Hoa, Vietnam",95.0,20.351387,105.221214,1011.0,298.15,cloudy,140.0,1.11
2025-04-27 07:00:00,"Cành Nàng, Ba Thuoc District, Thanh Hoa, Vietnam",91.0,20.351387,105.221214,1011.0,299.15,cloudy,131.0,1.11
2025-04-27 08:00:00,"Cành Nàng, Ba Thuoc District, Thanh Hoa, Vietnam",84.0,20.351387,105.221214,1012.0,300.15,rainy,136.0,1.11
2025-04-27 09:00:00,"Cành Nàng, Ba Thuoc District, Thanh Hoa, Vietnam",77.0,20.351387,105.221214,1012.0,301.15,rainy,134.0,1.11
2025-04-27 10:00:00,"Cành Nàng, Ba Thuoc District, Thanh Hoa, Vietnam",69.0,20.351387,105.221214,1012.0,303.15,rainy,127.0,1.11
2025-04-27 11:00:00,"Cành Nàng, Ba Thuoc District, Thanh Hoa, Vietnam",63.0,20.351387,105.221214,1011.0,304.15,rainy,126.0,1.39
2025-04-27 12:00:00,"Cành Nàng, Ba Thuoc District, Thanh Hoa, Vietnam",61.0,20.351387,105.221214,1010.0,304.15,rainy,132.0,1.67
2025-04-27 13:00:00,"Cành Nàng, Ba Thuoc District, Thanh Hoa, Vietnam",63.0,20.351387,105.221214,1009.0,304.15,unknown,136.0,1.94
2025-04-27 14:00:00,"Cành Nàng, Ba Thuoc District, Thanh Hoa, Vietnam",65.0,20.351387,105.221214,1009.0,304.15,rainy,164.0,2.22
2025-04-27 15:00:00,"Cành Nàng, Ba Thuoc District, Thanh Hoa, Vietnam",68.0,20.351387,105.221214,1008.0,303.15,rainy,172.0,1.94
2025-04-27 16:00:00,"Cành Nàng, Ba Thuoc District, Thanh Hoa, Vietnam",76.0,20.351387,105.221214,1007.0,302.15,rainy,196.0,1.39
2025-04-27 17:00:00,"Cành Nàng, Ba Thuoc District, Thanh Hoa, Vietnam",81.0,20.351387,105.221214,1008.0,300.15,sunny,106.0,1.11
2025-04-27 18:00:00,"Cành Nàng, Ba Thuoc District, Thanh Hoa, Vietnam",87.0,20.351387,105.221214,1009.0,299.15,sunny,201.0,1.67
2025-04-27 19:00:00,"Cành Nàng, Ba Thuoc District, Thanh Hoa, Vietnam",89.0,20.351387,105.221214,1009.0,298.15,sunny,179.0,0.83
2025-04-27 20:00:00,"Cành Nàng, Ba Thuoc District, Thanh Hoa, Vietnam",90.0,20.351387,105.221214,1011.0,298.15,sunny,197.0,2.22
2025-04-27 21:00:00,"Cành Nàng, Ba Thuoc District, Thanh Hoa, Vietnam",90.0,20.351387,105.221214,1011.0,297.15,sunny,176.0,1.67
2025-04-27 22:00:00,"Cành Nàng, Ba Thuoc District, Thanh Hoa, Vietnam",91.0,20.351387,105.221214,1012.0,297.15,sunny,218.0,1.39
2025-04-27 23:00:00,"Cành Nàng, Ba Thuoc District, Thanh Hoa, Vietnam",92.0,20.351387,105.221214,1011.0,296.15,sunny,185.0,0.83
2025-04-27 00:00:00,"tp. Yên Bái, Yen Bai Province, Vietnam",94.0,21.716768,104.89859,1010.0,298.15,cloudy,118.0,3.61
2025-04-27 01:00:00,"tp. Yên Bái, Yen Bai Province, Vietnam",94.0,21.716768,104.89859,1009.0,297.15,cloudy,115.0,3.89
2025-04-27 02:00:00,"tp. Yên Bái, Yen Bai Province, Vietnam",94.0,21.716768,104.89859,1009.0,297.15,cloudy,109.0,3.61
2025-04-27 03:00:00,"tp. Yên Bái, Yen Bai Province, Vietnam",94.0,21.716768,104.89859,1009.0,297.15,cloudy,103.0,3.06
2025-04-27 04:00:00,"tp. Yên Bái, Yen Bai Province, Vietnam",94.0,21.716768,104.89859,1009.0,297.15,cloudy,103.0,2.78
2025-04-27 05:00:00,"tp. Yên Bái, Yen Bai Province, Vietnam",94.0,21.716768,104.89859,1010.0,297.15,cloudy,104.0,2.5
2025-04-27 06:00:00,"tp. Yên Bái, Yen Bai Province, Vietnam",94.0,21.716768,104.89859,1010.0,297.15,cloudy,103.0,2.5
2025-04-27 07:00:00,"tp. Yên Bái, Yen Bai Province, Vietnam",92.0,21.716768,104.89859,1011.0,298.15,rainy,106.0,2.78
2025-04-27 08:00:00,"tp. Yên Bái, Yen Bai Province, Vietnam",85.0,21.716768,104.89859,1012.0,299.15,rainy,122.0,3.33
2025-04-27 09:00:00,"tp. Yên Bái, Yen Bai Province, Vietnam",76.0,21.716768,104.89859,1012.0,301.15,rainy,127.0,2.78
2025-04-27 10:00:00,"tp. Yên Bái, Yen Bai Province, Vietnam",69.0,21.716768,104.89859,1011.0,302.15,rainy,124.0,2.78
2025-04-27 11:00:00,"tp. Yên Bái, Yen Bai Province, Vietnam",63.0,21.716768,104.89859,1011.0,303.15,rainy,123.0,3.06
2025-04-27 12:00:00,"tp. Yên Bái, Yen Bai Province, Vietnam",59.0,21.716768,104.89859,1009.0,304.15,unknown,123.0,3.06
2025-04-27 13:00:00,"tp. Yên Bái, Yen Bai Province, Vietnam",58.0,21.716768,104.89859,1008.0,304.15,unknown,123.0,3.33
2025-04-27 14:00:00,"tp. Yên Bái, Yen Bai Province, Vietnam",59.0,21.716768,104.89859,1008.0,305.15,rainy,121.0,4.17
2025-04-27 15:00:00,"tp. Yên Bái, Yen Bai Province, Vietnam",58.0,21.716768,104.89859,1006.0,304.15,unknown,123.0,4.44
2025-04-27 16:00:00,"tp. Yên Bái, Yen Bai Province, Vietnam",58.0,21.716768,104.89859,1006.0,303.15,rainy,128.0,5.28
2025-04-27 17:00:00,"tp. Yên Bái, Yen Bai Province, Vietnam",68.0,21.716768,104.89859,1008.0,302.15,rainy,163.0,3.33
2025-04-27 18:00:00,"tp. Yên Bái, Yen Bai Province, Vietnam",73.0,21.716768,104.89859,1007.0,301.15,sunny,119.0,3.61
2025-04-27 19:00:00,"tp. Yên Bái, Yen Bai Province, Vietnam",79.0,21.716768,104.89859,1008.0,300.15,sunny,141.0,5.28
2025-04-27 20:00:00,"tp. Yên Bái, Yen Bai Province, Vietnam",82.0,21.716768,104.89859,1010.0,299.15,sunny,131.0,2.78
2025-04-27 21:00:00,"tp. Yên Bái, Yen Bai Province, Vietnam",85.0,21.716768,104.89859,1010.0,298.15,cloudy,114.0,3.89
2025-04-27 22:00:00,"tp. Yên Bái, Yen Bai Province, Vietnam",87.0,21.716768,104.89859,1011.0,298.15,cloudy,107.0,3.06
2025-04-27 23:00:00,"tp. Yên Bái, Yen Bai Province, Vietnam",91.0,21.716768,104.89859,1011.0,298.15,cloudy,98.0,3.33
2025-04-27 00:00:00,"Hạ Hòa, Quốc Oai, Hanoi, Vietnam",94.0,20.962406,105.698448,1010.0,297.15,cloudy,141.0,3.33
2025-04-27 01:00:00,"Hạ Hòa, Quốc Oai, Hanoi, Vietnam",94.0,20.962406,105.698448,1010.0,297.15,cloudy,136.0,3.61
2025-04-27 02:00:00,"Hạ Hòa, Quốc Oai, Hanoi, Vietnam",94.0,20.962406,105.698448,1009.0,297.15,cloudy,132.0,3.89
2025-04-27 03:00:00,"Hạ Hòa, Quốc Oai, Hanoi, Vietnam",94.0,20.962406,105.698448,1009.0,298.15,cloudy,136.0,3.61
2025-04-27 04:00:00,"Hạ Hòa, Quốc Oai, Hanoi, Vietnam",94.0,20.962406,105.698448,1009.0,297.15,cloudy,139.0,3.61
2025-04-27 05:00:00,"Hạ Hòa, Quốc Oai, Hanoi, Vietnam",95.0,20.962406,105.698448,1010.0,297.15,cloudy,139.0,3.61
2025-04-27 06:00:00,"Hạ Hòa, Quốc Oai, Hanoi, Vietnam",95.0,20.962406,105.698448,1011.0,298.15,cloudy,134.0,3.06
2025-04-27 07:00:00,"Hạ Hòa, Quốc Oai, Hanoi, Vietnam",87.0,20.962406,105.698448,1011.0,299.15,rainy,141.0,4.17
2025-04-27 08:00:00,"Hạ Hòa, Quốc Oai, Hanoi, Vietnam",77.0,20.962406,105.698448,1012.0,301.15,rainy,155.0,5.0
2025-04-27 09:00:00,"Hạ Hòa, Quốc Oai, Hanoi, Vietnam",72.0,20.962406,105.698448,1012.0,302.15,rainy,162.0,5.0
2025-04-27 10:00:00,"Hạ Hòa, Quốc Oai, Hanoi, Vietnam",68.0,20.962406,105.698448,1011.0,303.15,rainy,163.0,4.72
2025-04-27 11:00:00,"Hạ Hòa, Quốc Oai, Hanoi, Vietnam",62.0,20.962406,105.698448,1011.0,303.15,rainy,163.0,4.44
2025-04-27 12:00:00,"Hạ Hòa, Quốc Oai, Hanoi, Vietnam",60.0,20.962406,105.698448,1010.0,304.15,rainy,155.0,4.72
2025-04-27 13:00:00,"Hạ Hòa, Quốc Oai, Hanoi, Vietnam",58.0,20.962406,105.698448,1009.0,305.15,rainy,152.0,4.72
2025-04-27 14:00:00,"Hạ Hòa, Quốc Oai, Hanoi, Vietnam",55.0,20.962406,105.698448,1008.0,305.15,cloudy,147.0,4.72
2025-04-27 15:00:00,"Hạ Hòa, Quốc Oai, Hanoi, Vietnam",56.0,20.962406,105.698448,1006.0,304.15,cloudy,135.0,5.28
2025-04-27 16:00:00,"Hạ Hòa, Quốc Oai, Hanoi, Vietnam",59.0,20.962406,105.698448,1006.0,303.15,cloudy,137.0,5.28
2025-04-27 17:00:00,"Hạ Hòa, Quốc Oai, Hanoi, Vietnam",70.0,20.962406,105.698448,1008.0,302.15,rainy,161.0,3.89
2025-04-27 18:00:00,"Hạ Hòa, Quốc Oai, Hanoi, Vietnam",76.0,20.962406,105.698448,1007.0,300.15,sunny,129.0,5.0
2025-04-27 19:00:00,"Hạ Hòa, Quốc Oai, Hanoi, Vietnam",83.0,20.962406,105.698448,1009.0,299.15,rainy,145.0,4.44
2025-04-27 20:00:00,"Hạ Hòa, Quốc Oai, Hanoi, Vietnam",86.0,20.962406,105.698448,1009.0,299.15,sunny,150.0,5.28
2025-04-27 21:00:00,"Hạ Hòa, Quốc Oai, Hanoi, Vietnam",89.0,20.962406,105.698448,1011.0,298.15,cloudy,148.0,3.89
2025-04-27 22:00:00,"Hạ Hòa, Quốc Oai, Hanoi, Vietnam",92.0,20.962406,105.698448,1011.0,298.15,cloudy,126.0,3.33
2025-04-27 23:00:00,"Hạ Hòa, Quốc Oai, Hanoi, Vietnam",94.0,20.962406,105.698448,1011.0,298.15,foggy,114.0,3.06
2025-04-27 00:00:00,"Long Khánh, Dong Nai, Vietnam",97.0,10.95063,107.211456,1010.0,297.15,cloudy,137.0,3.06
2025-04-27 01:00:00,"Long Khánh, Dong Nai, Vietnam",97.0,10.95063,107.211456,1010.0,297.15,cloudy,146.0,3.06
2025-04-27 02:00:00,"Long Khánh, Dong Nai, Vietnam",97.0,10.95063,107.211456,1009.0,297.15,cloudy,149.0,3.06
2025-04-27 03:00:00,"Long Khánh, Dong Nai, Vietnam",97.0,10.95063,107.211456,1009.0,297.15,cloudy,152.0,3.06
2025-04-27 04:00:00,"Long Khánh, Dong Nai, Vietnam",97.0,10.95063,107.211456,1009.0,297.15,rainy,154.0,2.5
2025-04-27 05:00:00,"Long Khánh, Dong Nai, Vietnam",97.0,10.95063,107.211456,1010.0,297.15,cloudy,150.0,1.67
2025-04-27 06:00:00,"Long Khánh, Dong Nai, Vietnam",97.0,10.95063,107.211456,1011.0,298.15,cloudy,140.0,1.67
2025-04-27 07:00:00,"Long Khánh, Dong Nai, Vietnam",89.0,10.95063,107.211456,1012.0,299.15,cloudy,162.0,3.61
2025-04-27 08:00:00,"Long Khánh, Dong Nai, Vietnam",79.0,10.95063,107.211456,1012.0,301.15,rainy,168.0,5.28
2025-04-27 09:00:00,"Long Khánh, Dong Nai, Vietnam",71.0,10.95063,107.211456,1012.0,302.15,rainy,169.0,5.83
2025-04-27 10:00:00,"Long Khánh, Dong Nai, Vietnam",67.0,10.95063,107.211456,1012.0,303.15,rainy,167.0,5.83
2025-04-27 11:00:00,"Long Khánh, Dong Nai, Vietnam",64.0,10.95063,107.211456,1011.0,303.15,cloudy,162.0,5.83
2025-04-27 12:00:00,"Long Khánh, Dong Nai, Vietnam",61.0,10.95063,107.211456,1010.0,303.15,sunny,158.0,6.11
2025-04-27 13:00:00,"Long Khánh, Dong Nai, Vietnam",61.0,10.95063,107.211456,1009.0,303.15,sunny,154.0,6.11
2025-04-27 14:00:00,"Long Khánh, Dong Nai, Vietnam",63.0,10.95063,107.211456,1008.0,303.15,sunny,146.0,6.39
2025-04-27 15:00:00,"Long Khánh, Dong Nai, Vietnam",66.0,10.95063,107.211456,1007.0,303.15,cloudy,142.0,6.11
2025-04-27 16:00:00,"Long Khánh, Dong Nai, Vietnam",68.0,10.95063,107.211456,1008.0,302.15,cloudy,141.0,4.72
2025-04-27 17:00:00,"Long Khánh, Dong Nai, Vietnam",75.0,10.95063,107.211456,1008.0,300.15,cloudy,136.0,3.61
2025-04-27 18:00:00,"Long Khánh, Dong Nai, Vietnam",82.0,10.95063,107.211456,1009.0,300.15,sunny,134.0,3.89
2025-04-27 19:00:00,"Long Khánh, Dong Nai, Vietnam",88.0,10.95063,107.211456,1009.0,299.15,cloudy,123.0,3.89
2025-04-27 20:00:00,"Long Khánh, Dong Nai, Vietnam",91.0,10.95063,107.211456,1011.0,298.15,cloudy,137.0,2.78
2025-04-27 21:00:00,"Long Khánh, Dong Nai, Vietnam",93.0,10.95063,107.211456,1011.0,298.15,cloudy,135.0,3.33
2025-04-27 22:00:00,"Long Khánh, Dong Nai, Vietnam",94.0,10.95063,107.211456,1011.0,298.15,rainy,152.0,4.17
2025-04-27 23:00:00,"Long Khánh, Dong Nai, Vietnam",95.0,10.95063,107.211456,1011.0,298.15,foggy,151.0,2.22
2025-04-27 00:00:00,"Tây Ninh, Vietnam",72.0,11.375031,106.131363,1011.0,300.15,cloudy,154.0,4.17
2025-04-27 01:00:00,"Tây Ninh, Vietnam",74.0,11.375031,106.131363,1010.0,299.15,cloudy,160.0,3.89
2025-04-27 02:00:00,"Tây Ninh, Vietnam",76.0,11.375031,106.131363,1010.0,299.15,cloudy,156.0,2.78
2025-04-27 03:00:00,"Tây Ninh, Vietnam",78.0,11.375031,106.131363,1010.0,299.15,cloudy,148.0,2.5
2025-04-27 04:00:00,"Tây Ninh, Vietnam",80.0,11.375031,106.131363,1010.0,299.15,cloudy,138.0,2.78
2025-04-27 05:00:00,"Tây Ninh, Vietnam",81.0,11.375031,106.131363,1011.0,299.15,sunny,129.0,2.5
2025-04-27 06:00:00,"Tây Ninh, Vietnam",81.0,11.375031,106.131363,1011.0,299.15,cloudy,139.0,2.22
2025-04-27 07:00:00,"Tây Ninh, Vietnam",75.0,11.375031,106.131363,1012.0,301.15,cloudy,132.0,2.78
2025-04-27 08:00:00,"Tây Ninh, Vietnam",66.0,11.375031,106.131363,1013.0,302.15,rainy,137.0,2.78
2025-04-27 09:00:00,"Tây Ninh, Vietnam",58.0,11.375031,106.131363,1013.0,304.15,cloudy,138.0,2.5
2025-04-27 10:00:00,"Tây Ninh, Vietnam",51.0,11.375031,106.131363,1012.0,305.15,rainy,147.0,2.22
2025-04-27 11:00:00,"Tây Ninh, Vietnam",45.0,11.375031,106.131363,1011.0,306.15,cloudy,148.0,1.67
2025-04-27 12:00:00,"Tây Ninh, Vietnam",40.0,11.375031,106.131363,1010.0,307.15,cloudy,129.0,1.67
2025-04-27 13:00:00,"Tây Ninh, Vietnam",36.0,11.375031,106.131363,1008.0,308.15,cloudy,115.0,1.67
2025-04-27 14:00:00,"Tây Ninh, Vietnam",34.0,11.375031,106.131363,1007.0,308.15,cloudy,100.0,0.83
2025-04-27 15:00:00,"Tây Ninh, Vietnam",36.0,11.375031,106.131363,1007.0,308.15,sunny,301.0,1.67
2025-04-27 16:00:00,"Tây Ninh, Vietnam",42.0,11.375031,106.131363,1006.0,307.15,sunny,294.0,4.17
2025-04-27 17:00:00,"Tây Ninh, Vietnam",49.0,11.375031,106.131363,1007.0,306.15,sunny,296.0,5.0
2025-04-27 18:00:00,"Tây Ninh, Vietnam",54.0,11.375031,106.131363,1007.0,305.15,rainy,296.0,4.72
2025-04-27 19:00:00,"Tây Ninh, Vietnam",56.0,11.375031,106.131363,1008.0,304.15,sunny,291.0,3.89
2025-04-27 20:00:00,"Tây Ninh, Vietnam",56.0,11.375031,106.131363,1009.0,304.15,cloudy,303.0,1.67
2025-04-27 21:00:00,"Tây Ninh, Vietnam",56.0,11.375031,106.131363,1009.0,304.15,cloudy,177.0,0.56
2025-04-27 22:00:00,"Tây Ninh, Vietnam",58.0,11.375031,106.131363,1010.0,303.15,cloudy,166.0,2.22
2025-04-27 23:00:00,"Tây Ninh, Vietnam",60.0,11.375031,106.131363,1010.0,303.15,cloudy,161.0,3.61
2025-04-27 00:00:00,"Hanoi, Vietnam (2)",94.0,21.033333,105.849998,1010.0,297.15,cloudy,141.0,3.33
2025-04-27 01:00:00,"Hanoi, Vietnam (2)",94.0,21.033333,105.849998,1010.0,297.15,cloudy,136.0,3.61
2025-04-27 02:00:00,"Hanoi, Vietnam (2)",94.0,21.033333,105.849998,1009.0,297.15,cloudy,132.0,3.89
2025-04-27 03:00:00,"Hanoi, Vietnam (2)",94.0,21.033333,105.849998,1009.0,298.15,cloudy,136.0,3.61
2025-04-27 04:00:00,"Hanoi, Vietnam (2)",94.0,21.033333,105.849998,1009.0,297.15,cloudy,139.0,3.61
2025-04-27 05:00:00,"Hanoi, Vietnam (2)",95.0,21.033333,105.849998,1010.0,297.15,cloudy,139.0,3.61
2025-04-27 06:00:00,"Hanoi, Vietnam (2)",95.0,21.033333,105.849998,1011.0,298.15,cloudy,134.0,3.06
2025-04-27 07:00:00,"Hanoi, Vietnam (2)",87.0,21.033333,105.849998,1011.0,299.15,rainy,141.0,4.17
2025-04-27 08:00:00,"Hanoi, Vietnam (2)",77.0,21.033333,105.849998,1012.0,301.15,rainy,155.0,5.0
2025-04-27 09:00:00,"Hanoi, Vietnam (2)",72.0,21.033333,105.849998,1012.0,302.15,rainy,162.0,5.0
2025-04-27 10:00:00,"Hanoi, Vietnam (2)",68.0,21.033333,105.849998,1011.0,303.15,rainy,163.0,4.72
2025-04-27 11:00:00,"Hanoi, Vietnam (2)",62.0,21.033333,105.849998,1011.0,303.15,rainy,163.0,4.44
2025-04-27 12:00:00,"Hanoi, Vietnam (2)",60.0,21.033333,105.849998,1010.0,304.15,rainy,155.0,4.72
2025-04-27 13:00:00,"Hanoi, Vietnam (2)",58.0,21.033333,105.849998,1009.0,305.15,rainy,152.0,4.72
2025-04-27 14:00:00,"Hanoi, Vietnam (2)",55.0,21.033333,105.849998,1008.0,305.15,cloudy,147.0,4.72
2025-04-27 15:00:00,"Hanoi, Vietnam (2)",56.0,21.033333,105.849998,1006.0,304.15,cloudy,135.0,5.28
2025-04-27 16:00:00,"Hanoi, Vietnam (2)",59.0,21.033333,105.849998,1006.0,303.15,cloudy,137.0,5.28
2025-04-27 17:00:00,"Hanoi, Vietnam (2)",70.0,21.033333,105.849998,1008.0,302.15,rainy,161.0,3.89
2025-04-27 18:00:00,"Hanoi, Vietnam (2)",76.0,21.033333,105.849998,1007.0,300.15,sunny,129.0,5.0
2025-04-27 19:00:00,"Hanoi, Vietnam (2)",83.0,21.033333,105.849998,1009.0,299.15,rainy,145.0,4.44
2025-04-27 20:00:00,"Hanoi, Vietnam (2)",86.0,21.033333,105.849998,1009.0,299.15,sunny,150.0,5.28
2025-04-27 21:00:00,"Hanoi, Vietnam (2)",89.0,21.033333,105.849998,1011.0,298.15,cloudy,148.0,3.89
2025-04-27 22:00:00,"Hanoi, Vietnam (2)",92.0,21.033333,105.849998,1011.0,298.15,cloudy,126.0,3.33
2025-04-27 23:00:00,"Hanoi, Vietnam (2)",94.0,21.033333,105.849998,1011.0,298.15,foggy,114.0,3.06
2025-04-27 00:00:00,"Ho Chi Minh City, Vietnam",74.0,10.762622,106.660172,1011.0,299.15,cloudy,127.0,3.61
2025-04-27 01:00:00,"Ho Chi Minh City, Vietnam",77.0,10.762622,106.660172,1010.0,299.15,cloudy,128.0,2.22
2025-04-27 02:00:00,"Ho Chi Minh City, Vietnam",78.0,10.762622,106.660172,1010.0,299.15,cloudy,130.0,1.94
2025-04-27 03:00:00,"Ho Chi Minh City, Vietnam",78.0,10.762622,106.660172,1010.0,299.15,cloudy,129.0,1.94
2025-04-27 04:00:00,"Ho Chi Minh City, Vietnam",78.0,10.762622,106.660172,1010.0,299.15,cloudy,120.0,1.67
2025-04-27 05:00:00,"Ho Chi Minh City, Vietnam",78.0,10.762622,106.660172,1011.0,299.15,cloudy,118.0,1.67
2025-04-27 06:00:00,"Ho Chi Minh City, Vietnam",79.0,10.762622,106.660172,1011.0,300.15,sunny,114.0,2.78
2025-04-27 07:00:00,"Ho Chi Minh City, Vietnam",74.0,10.762622,106.660172,1012.0,301.15,sunny,117.0,3.33
2025-04-27 08:00:00,"Ho Chi Minh City, Vietnam",66.0,10.762622,106.660172,1012.0,302.15,sunny,116.0,3.33
2025-04-27 09:00:00,"Ho Chi Minh City, Vietnam",56.0,10.762622,106.660172,1013.0,304.15,sunny,119.0,2.78
2025-04-27 10:00:00,"Ho Chi Minh City, Vietnam",47.0,10.762622,106.660172,1012.0,306.15,sunny,124.0,2.22
2025-04-27 11:00:00,"Ho Chi Minh City, Vietnam",40.0,10.762622,106.660172,1011.0,307.15,sunny,123.0,2.22
2025-04-27 12:00:00,"Ho Chi Minh City, Vietnam",35.0,10.762622,106.660172,1010.0,309.15,cloudy,131.0,1.94
2025-04-27 13:00:00,"Ho Chi Minh City, Vietnam",33.0,10.762622,106.660172,1008.0,309.15,cloudy,142.0,2.22
2025-04-27 14:00:00,"Ho Chi Minh City, Vietnam",33.0,10.762622,106.660172,1007.0,309.15,sunny,148.0,3.06
2025-04-27 15:00:00,"Ho Chi Minh City, Vietnam",36.0,10.762622,106.660172,1007.0,309.15,sunny,152.0,4.44
2025-04-27 16:00:00,"Ho Chi Minh City, Vietnam",40.0,10.762622,106.660172,1006.0,307.15,sunny,153.0,5.83
2025-04-27 17:00:00,"Ho Chi Minh City, Vietnam",48.0,10.762622,106.660172,1007.0,306.15,sunny,154.0,6.39
2025-04-27 18:00:00,"Ho Chi Minh City, Vietnam",55.0,10.762622,106.660172,1008.0,304.15,sunny,150.0,5.83
2025-04-27 19:00:00,"Ho Chi Minh City, Vietnam",61.0,10.762622,106.660172,1009.0,303.15,sunny,144.0,5.28
2025-04-27 20:00:00,"Ho Chi Minh City, Vietnam",63.0,10.762622,106.660172,1009.0,303.15,cloudy,135.0,4.72
2025-04-27 21:00:00,"Ho Chi Minh City, Vietnam",65.0,10.762622,106.660172,1010.0,302.15,cloudy,132.0,4.17
2025-04-27 22:00:00,"Ho Chi Minh City, Vietnam",68.0,10.762622,106.660172,1010.0,302.15,rainy,138.0,3.61
2025-04-27 23:00:00,"Ho Chi Minh City, Vietnam",71.0,10.762622,106.660172,1010.0,301.15,rainy,145.0,3.33
